<assembly xmlns="http://maven.apache.org/plugins/maven-assembly-plugin/assembly/1.5.2"
  xmlns:xsi="http://www.w3.org/2001/XMLSchema-instance"
  xsi:schemaLocation="http://maven.apache.org/plugins/maven-assembly-plugin/assembly/1.5.2 http://maven.apache.org/xsd/assembly-1.5.2.xsd">
  <id>maxwell</id>
  <formats>
    <format>tar.gz</format>
    <format>dir</format>
  </formats>
  <!-- Adds the dependencies of our application to the lib directory -->
  <dependencySets>
      <dependencySet>
          <useProjectArtifact>false</useProjectArtifact>
          <outputDirectory>lib</outputDirectory>
          <unpack>false</unpack>
      </dependencySet>
    </dependencySets>

  <fileSets>
    <fileSet>
      <directory>${project.basedir}</directory>
      <outputDirectory>/</outputDirectory>
      <includes>
        <include>bin/*</include>
        <include>config.properties.example</include>
        <include>kinesis-producer-library.properties.example</include>
        <include>README*</include>
        <include>LICENSE*</include>
        <include>NOTICE*</include>
      </includes>
    </fileSet>
    <fileSet>
      <directory>${project.build.directory}</directory>
      <outputDirectory>lib</outputDirectory>
      <includes>
        <include>*.jar</include>
      </includes>
    </fileSet>
    <fileSet>
      <directory>${project.build.directory}/site</directory>
      <outputDirectory>docs</outputDirectory>
    </fileSet>
  </fileSets>
  <files>
    <file>
      <source>src/main/resources/log4j2.xml</source>
      <outputDirectory>/</outputDirectory>
    </file>
  </files>
</assembly>
