<?xml version="1.0" encoding="UTF-8"?>
<Configuration status="WARN">
  <Appenders>
    <Console name="Console" target="SYSTEM_ERR">
      <PatternLayout pattern="%d{HH:mm:ss,SSS} %-5level %logger{1} - %msg%n"/>
    </Console>
  </Appenders>
  <Loggers>
    <Root level="info">
      <AppenderRef ref="Console"/>
    </Root>
   <Logger name="snaq.db.ConnectionPool.RawMaxwellConnectionPool" level="off" additivity="false">
      <AppenderRef ref="Console"/>
    </Logger>
   <Logger name="snaq.db.ConnectionPool.MaxwellConnectionPool" level="off" additivity="false">
      <AppenderRef ref="Console"/>
    </Logger>
   <Logger name="snaq.db.ConnectionPool.ReplicationConnectionPool" level="off" additivity="false">
      <AppenderRef ref="Console"/>
    </Logger>
  </Loggers>
</Configuration>
