<configuration debug='true'>

    <appender name="FILE" class="ch.qos.logback.core.FileAppender">
        <file>atmosphere.log</file>

        <encoder>
            <pattern>%d{HH:mm:ss.SSS} %level [%thread] %logger{10} [%file:%line] %msg%n</pattern>
        </encoder>
    </appender>

    <appender name="STDOUT" class="ch.qos.logback.core.ConsoleAppender">
        <encoder>
            <pattern>%d{HH:mm:ss.SSS} %level [%thread] %logger{10} [%file:%line] %msg%n</pattern>
        </encoder>
    </appender>

    <logger name="org.atmosphere" level="DEBUG"/>

    <root>
        <level value="INFO"/>

        <appender-ref ref="STDOUT"/>
        <appender-ref ref="FILE"/>
    </root>

</configuration>
