<!DOCTYPE ui:UiBinder SYSTEM "http://dl.google.com/gwt/DTD/xhtml.ent">
<ui:UiBinder xmlns:ui="urn:ui:com.google.gwt.uibinder"
             xmlns:g="urn:import:com.google.gwt.user.client.ui">
    <ui:style>
        /* Add CSS here. See the GWT docs on UI Binder for more details */
        .panel {
        }

        .title {
        }

        .message {
        }
    </ui:style>
    <g:HTMLPanel addStyleNames="{style.panel}">
        <table>
            <tr>
                <td>
                    <g:Label styleName="{style.title}" ui:field="title"/>
                </td>
            </tr>
            <tr>
                <td>
                    <g:HTML styleName="{style.message}" ui:field="message"/>
                </td>
            </tr>
        </table>
    </g:HTMLPanel>
</ui:UiBinder>