<?xml version="1.0" encoding="UTF-8"?>

<module rename-to="gwtDemo">

    <inherits name='com.google.gwt.user.User'/>
    <inherits name='com.google.gwt.core.Core'/>
    <inherits name="org.atmosphere.gwt.Client"/>
    <inherits name="com.google.gwt.logging.Logging"/>
    <set-property name="gwt.logging.logLevel" value="FINEST"/>

    <!--  inherit css based theme -->
    <inherits name='com.google.gwt.user.theme.standard.Standard'/>

    <!--    <set-property name="user.agent" value="safari" />-->
    <set-property name="locale" value="default"/>

    <entry-point class='org.atmosphere.samples.client.GWTDemo'/>
</module>